<?xml version="1.0" encoding="UTF-8" standalone="yes"?>
<manifest>
  <control namespace="NumberIncreamentPCF" constructor="NumberIncreament" version="0.0.1" display-name-key="NumberIncreament" description-key="NumberIncreament description" control-type="standard" api-version="1.3.4">
    <external-service-usage enabled="false"/>
    <property name="inputNumber" display-name-key="inputNumber_Display_Key" description-key="inputNumber_Desc_Key" of-type="Whole.None" usage="bound" required="true" default-value="1"/>
    <property name="operationNumberBy" display-name-key="operationNumberBy_Display_Key" description-key="operationNumberBy_Desc_Key" of-type="Whole.None" usage="input" required="true" default-value="1"/>
    <resources>
      <code path="bundle.js" order="1"/>
    </resources>
    <built-by name="pac" version="1.17.5"/>
  </control>
</manifest>